word,meaning
word1,의미_추가
word2,의미_추가
word3,의미_추가
word4,의미_추가
word5,의미_추가
word6,의미_추가
word7,의미_추가
word8,의미_추가
word9,의미_추가
word10,의미_추가
word11,의미_추가
word12,의미_추가
word13,의미_추가
word14,의미_추가
word15,의미_추가
word16,의미_추가
word17,의미_추가
word18,의미_추가
word19,의미_추가
word20,의미_추가
word21,의미_추가
word22,의미_추가
word23,의미_추가
word24,의미_추가
word25,의미_추가
word26,의미_추가
word27,의미_추가
word28,의미_추가
word29,의미_추가
word30,의미_추가
word31,의미_추가
word32,의미_추가
word33,의미_추가
word34,의미_추가
word35,의미_추가
word36,의미_추가
word37,의미_추가
word38,의미_추가
word39,의미_추가
word40,의미_추가
word41,의미_추가
word42,의미_추가
word43,의미_추가
word44,의미_추가
word45,의미_추가
word46,의미_추가
word47,의미_추가
word48,의미_추가
word49,의미_추가
word50,의미_추가
word51,의미_추가
word52,의미_추가
word53,의미_추가
word54,의미_추가
word55,의미_추가
word56,의미_추가
word57,의미_추가
word58,의미_추가
word59,의미_추가
word60,의미_추가
word61,의미_추가
word62,의미_추가
word63,의미_추가
word64,의미_추가
word65,의미_추가
word66,의미_추가
word67,의미_추가
word68,의미_추가
word69,의미_추가
word70,의미_추가
word71,의미_추가
word72,의미_추가
word73,의미_추가
word74,의미_추가
word75,의미_추가
word76,의미_추가
word77,의미_추가
word78,의미_추가
word79,의미_추가
word80,의미_추가
word81,의미_추가
word82,의미_추가
word83,의미_추가
word84,의미_추가
word85,의미_추가
word86,의미_추가
word87,의미_추가
word88,의미_추가
word89,의미_추가
word90,의미_추가
word91,의미_추가
word92,의미_추가
word93,의미_추가
word94,의미_추가
word95,의미_추가
word96,의미_추가
word97,의미_추가
word98,의미_추가
word99,의미_추가
word100,의미_추가
word101,의미_추가
word102,의미_추가
word103,의미_추가
word104,의미_추가
word105,의미_추가
word106,의미_추가
word107,의미_추가
word108,의미_추가
word109,의미_추가
word110,의미_추가
word111,의미_추가
word112,의미_추가
word113,의미_추가
word114,의미_추가
word115,의미_추가
word116,의미_추가
word117,의미_추가
word118,의미_추가
word119,의미_추가
word120,의미_추가
word121,의미_추가
word122,의미_추가
word123,의미_추가
word124,의미_추가
word125,의미_추가
word126,의미_추가
word127,의미_추가
word128,의미_추가
word129,의미_추가
word130,의미_추가
word131,의미_추가
word132,의미_추가
word133,의미_추가
word134,의미_추가
word135,의미_추가
word136,의미_추가
word137,의미_추가
word138,의미_추가
word139,의미_추가
word140,의미_추가
word141,의미_추가
word142,의미_추가
word143,의미_추가
word144,의미_추가
word145,의미_추가
word146,의미_추가
word147,의미_추가
word148,의미_추가
word149,의미_추가
word150,의미_추가
word151,의미_추가
word152,의미_추가
word153,의미_추가
word154,의미_추가
word155,의미_추가
word156,의미_추가
word157,의미_추가
word158,의미_추가
word159,의미_추가
word160,의미_추가
word161,의미_추가
word162,의미_추가
word163,의미_추가
word164,의미_추가
word165,의미_추가
word166,의미_추가
word167,의미_추가
word168,의미_추가
word169,의미_추가
word170,의미_추가
word171,의미_추가
word172,의미_추가
word173,의미_추가
word174,의미_추가
word175,의미_추가
word176,의미_추가
word177,의미_추가
word178,의미_추가
word179,의미_추가
word180,의미_추가
word181,의미_추가
word182,의미_추가
word183,의미_추가
word184,의미_추가
word185,의미_추가
word186,의미_추가
word187,의미_추가
word188,의미_추가
word189,의미_추가
word190,의미_추가
word191,의미_추가
word192,의미_추가
word193,의미_추가
word194,의미_추가
word195,의미_추가
word196,의미_추가
word197,의미_추가
word198,의미_추가
word199,의미_추가
word200,의미_추가
word201,의미_추가
word202,의미_추가
word203,의미_추가
word204,의미_추가
word205,의미_추가
word206,의미_추가
word207,의미_추가
word208,의미_추가
word209,의미_추가
word210,의미_추가
word211,의미_추가
word212,의미_추가
word213,의미_추가
word214,의미_추가
word215,의미_추가
word216,의미_추가
word217,의미_추가
word218,의미_추가
word219,의미_추가
word220,의미_추가
word221,의미_추가
word222,의미_추가
word223,의미_추가
word224,의미_추가
word225,의미_추가
word226,의미_추가
word227,의미_추가
word228,의미_추가
word229,의미_추가
word230,의미_추가
word231,의미_추가
word232,의미_추가
word233,의미_추가
word234,의미_추가
word235,의미_추가
word236,의미_추가
word237,의미_추가
word238,의미_추가
word239,의미_추가
word240,의미_추가
word241,의미_추가
word242,의미_추가
word243,의미_추가
word244,의미_추가
word245,의미_추가
word246,의미_추가
word247,의미_추가
word248,의미_추가
word249,의미_추가
word250,의미_추가
word251,의미_추가
word252,의미_추가
word253,의미_추가
word254,의미_추가
word255,의미_추가
word256,의미_추가
word257,의미_추가
word258,의미_추가
word259,의미_추가
word260,의미_추가
word261,의미_추가
word262,의미_추가
word263,의미_추가
word264,의미_추가
word265,의미_추가
word266,의미_추가
word267,의미_추가
word268,의미_추가
word269,의미_추가
word270,의미_추가
word271,의미_추가
word272,의미_추가
word273,의미_추가
word274,의미_추가
word275,의미_추가
word276,의미_추가
word277,의미_추가
word278,의미_추가
word279,의미_추가
word280,의미_추가
word281,의미_추가
word282,의미_추가
word283,의미_추가
word284,의미_추가
word285,의미_추가
word286,의미_추가
word287,의미_추가
word288,의미_추가
word289,의미_추가
word290,의미_추가
word291,의미_추가
word292,의미_추가
word293,의미_추가
word294,의미_추가
word295,의미_추가
word296,의미_추가
word297,의미_추가
word298,의미_추가
word299,의미_추가
word300,의미_추가
word301,의미_추가
word302,의미_추가
word303,의미_추가
word304,의미_추가
word305,의미_추가
word306,의미_추가
word307,의미_추가
word308,의미_추가
word309,의미_추가
word310,의미_추가
word311,의미_추가
word312,의미_추가
word313,의미_추가
word314,의미_추가
word315,의미_추가
word316,의미_추가
word317,의미_추가
word318,의미_추가
word319,의미_추가
word320,의미_추가
word321,의미_추가
word322,의미_추가
word323,의미_추가
word324,의미_추가
word325,의미_추가
word326,의미_추가
word327,의미_추가
word328,의미_추가
word329,의미_추가
word330,의미_추가
word331,의미_추가
word332,의미_추가
word333,의미_추가
word334,의미_추가
word335,의미_추가
word336,의미_추가
word337,의미_추가
word338,의미_추가
word339,의미_추가
word340,의미_추가
word341,의미_추가
word342,의미_추가
word343,의미_추가
word344,의미_추가
word345,의미_추가
word346,의미_추가
word347,의미_추가
word348,의미_추가
word349,의미_추가
word350,의미_추가
word351,의미_추가
word352,의미_추가
word353,의미_추가
word354,의미_추가
word355,의미_추가
word356,의미_추가
word357,의미_추가
word358,의미_추가
word359,의미_추가
word360,의미_추가
word361,의미_추가
word362,의미_추가
word363,의미_추가
word364,의미_추가
word365,의미_추가
word366,의미_추가
word367,의미_추가
word368,의미_추가
word369,의미_추가
word370,의미_추가
word371,의미_추가
word372,의미_추가
word373,의미_추가
word374,의미_추가
word375,의미_추가
word376,의미_추가
word377,의미_추가
word378,의미_추가
word379,의미_추가
word380,의미_추가
word381,의미_추가
word382,의미_추가
word383,의미_추가
word384,의미_추가
word385,의미_추가
word386,의미_추가
word387,의미_추가
word388,의미_추가
word389,의미_추가
word390,의미_추가
word391,의미_추가
word392,의미_추가
word393,의미_추가
word394,의미_추가
word395,의미_추가
word396,의미_추가
word397,의미_추가
word398,의미_추가
word399,의미_추가
word400,의미_추가
word401,의미_추가
word402,의미_추가
word403,의미_추가
word404,의미_추가
word405,의미_추가
word406,의미_추가
word407,의미_추가
word408,의미_추가
word409,의미_추가
word410,의미_추가
word411,의미_추가
word412,의미_추가
word413,의미_추가
word414,의미_추가
word415,의미_추가
word416,의미_추가
word417,의미_추가
word418,의미_추가
word419,의미_추가
word420,의미_추가
word421,의미_추가
word422,의미_추가
word423,의미_추가
word424,의미_추가
word425,의미_추가
word426,의미_추가
word427,의미_추가
word428,의미_추가
word429,의미_추가
word430,의미_추가
word431,의미_추가
word432,의미_추가
word433,의미_추가
word434,의미_추가
word435,의미_추가
word436,의미_추가
word437,의미_추가
word438,의미_추가
word439,의미_추가
word440,의미_추가
word441,의미_추가
word442,의미_추가
word443,의미_추가
word444,의미_추가
word445,의미_추가
word446,의미_추가
word447,의미_추가
word448,의미_추가
word449,의미_추가
word450,의미_추가
word451,의미_추가
word452,의미_추가
word453,의미_추가
word454,의미_추가
word455,의미_추가
word456,의미_추가
word457,의미_추가
word458,의미_추가
word459,의미_추가
word460,의미_추가
word461,의미_추가
word462,의미_추가
word463,의미_추가
word464,의미_추가
word465,의미_추가
word466,의미_추가
word467,의미_추가
word468,의미_추가
word469,의미_추가
word470,의미_추가
word471,의미_추가
word472,의미_추가
word473,의미_추가
word474,의미_추가
word475,의미_추가
word476,의미_추가
word477,의미_추가
word478,의미_추가
word479,의미_추가
word480,의미_추가
word481,의미_추가
word482,의미_추가
word483,의미_추가
word484,의미_추가
word485,의미_추가
word486,의미_추가
word487,의미_추가
word488,의미_추가
word489,의미_추가
word490,의미_추가
word491,의미_추가
word492,의미_추가
word493,의미_추가
word494,의미_추가
word495,의미_추가
word496,의미_추가
word497,의미_추가
word498,의미_추가
word499,의미_추가
word500,의미_추가
word501,의미_추가
word502,의미_추가
word503,의미_추가
word504,의미_추가
word505,의미_추가
word506,의미_추가
word507,의미_추가
word508,의미_추가
word509,의미_추가
word510,의미_추가
word511,의미_추가
word512,의미_추가
word513,의미_추가
word514,의미_추가
word515,의미_추가
word516,의미_추가
word517,의미_추가
word518,의미_추가
word519,의미_추가
word520,의미_추가
word521,의미_추가
word522,의미_추가
word523,의미_추가
word524,의미_추가
word525,의미_추가
word526,의미_추가
word527,의미_추가
word528,의미_추가
word529,의미_추가
word530,의미_추가
word531,의미_추가
word532,의미_추가
word533,의미_추가
word534,의미_추가
word535,의미_추가
word536,의미_추가
word537,의미_추가
word538,의미_추가
word539,의미_추가
word540,의미_추가
word541,의미_추가
word542,의미_추가
word543,의미_추가
word544,의미_추가
word545,의미_추가
word546,의미_추가
word547,의미_추가
word548,의미_추가
word549,의미_추가
word550,의미_추가
word551,의미_추가
word552,의미_추가
word553,의미_추가
word554,의미_추가
word555,의미_추가
word556,의미_추가
word557,의미_추가
word558,의미_추가
word559,의미_추가
word560,의미_추가
word561,의미_추가
word562,의미_추가
word563,의미_추가
word564,의미_추가
word565,의미_추가
word566,의미_추가
word567,의미_추가
word568,의미_추가
word569,의미_추가
word570,의미_추가
word571,의미_추가
word572,의미_추가
word573,의미_추가
word574,의미_추가
word575,의미_추가
word576,의미_추가
word577,의미_추가
word578,의미_추가
word579,의미_추가
word580,의미_추가
word581,의미_추가
word582,의미_추가
word583,의미_추가
word584,의미_추가
word585,의미_추가
word586,의미_추가
word587,의미_추가
word588,의미_추가
word589,의미_추가
word590,의미_추가
word591,의미_추가
word592,의미_추가
word593,의미_추가
word594,의미_추가
word595,의미_추가
word596,의미_추가
word597,의미_추가
word598,의미_추가
word599,의미_추가
word600,의미_추가
word601,의미_추가
word602,의미_추가
word603,의미_추가
word604,의미_추가
word605,의미_추가
word606,의미_추가
word607,의미_추가
word608,의미_추가
word609,의미_추가
word610,의미_추가
word611,의미_추가
word612,의미_추가
word613,의미_추가
word614,의미_추가
word615,의미_추가
word616,의미_추가
word617,의미_추가
word618,의미_추가
word619,의미_추가
word620,의미_추가
word621,의미_추가
word622,의미_추가
word623,의미_추가
word624,의미_추가
word625,의미_추가
word626,의미_추가
word627,의미_추가
word628,의미_추가
word629,의미_추가
word630,의미_추가
word631,의미_추가
word632,의미_추가
word633,의미_추가
word634,의미_추가
word635,의미_추가
word636,의미_추가
word637,의미_추가
word638,의미_추가
word639,의미_추가
word640,의미_추가
word641,의미_추가
word642,의미_추가
word643,의미_추가
word644,의미_추가
word645,의미_추가
word646,의미_추가
word647,의미_추가
word648,의미_추가
word649,의미_추가
word650,의미_추가
word651,의미_추가
word652,의미_추가
word653,의미_추가
word654,의미_추가
word655,의미_추가
word656,의미_추가
word657,의미_추가
word658,의미_추가
word659,의미_추가
word660,의미_추가
word661,의미_추가
word662,의미_추가
word663,의미_추가
word664,의미_추가
word665,의미_추가
word666,의미_추가
word667,의미_추가
word668,의미_추가
word669,의미_추가
word670,의미_추가
word671,의미_추가
word672,의미_추가
word673,의미_추가
word674,의미_추가
word675,의미_추가
word676,의미_추가
word677,의미_추가
word678,의미_추가
word679,의미_추가
word680,의미_추가
word681,의미_추가
word682,의미_추가
word683,의미_추가
word684,의미_추가
word685,의미_추가
word686,의미_추가
word687,의미_추가
word688,의미_추가
word689,의미_추가
word690,의미_추가
word691,의미_추가
word692,의미_추가
word693,의미_추가
word694,의미_추가
word695,의미_추가
word696,의미_추가
word697,의미_추가
word698,의미_추가
word699,의미_추가
word700,의미_추가
word701,의미_추가
word702,의미_추가
word703,의미_추가
word704,의미_추가
word705,의미_추가
word706,의미_추가
word707,의미_추가
word708,의미_추가
word709,의미_추가
word710,의미_추가
word711,의미_추가
word712,의미_추가
word713,의미_추가
word714,의미_추가
word715,의미_추가
word716,의미_추가
word717,의미_추가
word718,의미_추가
word719,의미_추가
word720,의미_추가
word721,의미_추가
word722,의미_추가
word723,의미_추가
word724,의미_추가
word725,의미_추가
word726,의미_추가
word727,의미_추가
word728,의미_추가
word729,의미_추가
word730,의미_추가
word731,의미_추가
word732,의미_추가
word733,의미_추가
word734,의미_추가
word735,의미_추가
word736,의미_추가
word737,의미_추가
word738,의미_추가
word739,의미_추가
word740,의미_추가
word741,의미_추가
word742,의미_추가
word743,의미_추가
word744,의미_추가
word745,의미_추가
word746,의미_추가
word747,의미_추가
word748,의미_추가
word749,의미_추가
word750,의미_추가
word751,의미_추가
word752,의미_추가
word753,의미_추가
word754,의미_추가
word755,의미_추가
word756,의미_추가
word757,의미_추가
word758,의미_추가
word759,의미_추가
word760,의미_추가
word761,의미_추가
word762,의미_추가
word763,의미_추가
word764,의미_추가
word765,의미_추가
word766,의미_추가
word767,의미_추가
word768,의미_추가
word769,의미_추가
word770,의미_추가
word771,의미_추가
word772,의미_추가
word773,의미_추가
word774,의미_추가
word775,의미_추가
word776,의미_추가
word777,의미_추가
word778,의미_추가
word779,의미_추가
word780,의미_추가
word781,의미_추가
word782,의미_추가
word783,의미_추가
word784,의미_추가
word785,의미_추가
word786,의미_추가
word787,의미_추가
word788,의미_추가
word789,의미_추가
word790,의미_추가
word791,의미_추가
word792,의미_추가
word793,의미_추가
word794,의미_추가
word795,의미_추가
word796,의미_추가
word797,의미_추가
word798,의미_추가
word799,의미_추가
word800,의미_추가
word801,의미_추가
word802,의미_추가
word803,의미_추가
word804,의미_추가
word805,의미_추가
word806,의미_추가
word807,의미_추가
word808,의미_추가
word809,의미_추가
word810,의미_추가
word811,의미_추가
word812,의미_추가
word813,의미_추가
word814,의미_추가
word815,의미_추가
word816,의미_추가
word817,의미_추가
word818,의미_추가
word819,의미_추가
word820,의미_추가
word821,의미_추가
word822,의미_추가
word823,의미_추가
word824,의미_추가
word825,의미_추가
word826,의미_추가
word827,의미_추가
word828,의미_추가
word829,의미_추가
word830,의미_추가
word831,의미_추가
word832,의미_추가
word833,의미_추가
word834,의미_추가
word835,의미_추가
word836,의미_추가
word837,의미_추가
word838,의미_추가
word839,의미_추가
word840,의미_추가
word841,의미_추가
word842,의미_추가
word843,의미_추가
word844,의미_추가
word845,의미_추가
word846,의미_추가
word847,의미_추가
word848,의미_추가
word849,의미_추가
word850,의미_추가
word851,의미_추가
word852,의미_추가
word853,의미_추가
word854,의미_추가
word855,의미_추가
word856,의미_추가
word857,의미_추가
word858,의미_추가
word859,의미_추가
word860,의미_추가
word861,의미_추가
word862,의미_추가
word863,의미_추가
word864,의미_추가
word865,의미_추가
word866,의미_추가
word867,의미_추가
word868,의미_추가
word869,의미_추가
word870,의미_추가
word871,의미_추가
word872,의미_추가
word873,의미_추가
word874,의미_추가
word875,의미_추가
word876,의미_추가
word877,의미_추가
word878,의미_추가
word879,의미_추가
word880,의미_추가
word881,의미_추가
word882,의미_추가
word883,의미_추가
word884,의미_추가
word885,의미_추가
word886,의미_추가
word887,의미_추가
word888,의미_추가
word889,의미_추가
word890,의미_추가
word891,의미_추가
word892,의미_추가
word893,의미_추가
word894,의미_추가
word895,의미_추가
word896,의미_추가
word897,의미_추가
word898,의미_추가
word899,의미_추가
word900,의미_추가
word901,의미_추가
word902,의미_추가
word903,의미_추가
word904,의미_추가
word905,의미_추가
word906,의미_추가
word907,의미_추가
word908,의미_추가
word909,의미_추가
word910,의미_추가
word911,의미_추가
word912,의미_추가
word913,의미_추가
word914,의미_추가
word915,의미_추가
word916,의미_추가
word917,의미_추가
word918,의미_추가
word919,의미_추가
word920,의미_추가
word921,의미_추가
word922,의미_추가
word923,의미_추가
word924,의미_추가
word925,의미_추가
word926,의미_추가
word927,의미_추가
word928,의미_추가
word929,의미_추가
word930,의미_추가
word931,의미_추가
word932,의미_추가
word933,의미_추가
word934,의미_추가
word935,의미_추가
word936,의미_추가
word937,의미_추가
word938,의미_추가
word939,의미_추가
word940,의미_추가
word941,의미_추가
word942,의미_추가
word943,의미_추가
word944,의미_추가
word945,의미_추가
word946,의미_추가
word947,의미_추가
word948,의미_추가
word949,의미_추가
word950,의미_추가
word951,의미_추가
word952,의미_추가
word953,의미_추가
word954,의미_추가
word955,의미_추가
word956,의미_추가
word957,의미_추가
word958,의미_추가
word959,의미_추가
word960,의미_추가
word961,의미_추가
word962,의미_추가
word963,의미_추가
word964,의미_추가
word965,의미_추가
word966,의미_추가
word967,의미_추가
word968,의미_추가
word969,의미_추가
word970,의미_추가
word971,의미_추가
word972,의미_추가
word973,의미_추가
word974,의미_추가
word975,의미_추가
word976,의미_추가
word977,의미_추가
word978,의미_추가
word979,의미_추가
word980,의미_추가
word981,의미_추가
word982,의미_추가
word983,의미_추가
word984,의미_추가
word985,의미_추가
word986,의미_추가
word987,의미_추가
word988,의미_추가
word989,의미_추가
word990,의미_추가
word991,의미_추가
word992,의미_추가
word993,의미_추가
word994,의미_추가
word995,의미_추가
word996,의미_추가
word997,의미_추가
word998,의미_추가
word999,의미_추가
word1000,의미_추가
word1001,의미_추가
word1002,의미_추가
word1003,의미_추가
word1004,의미_추가
word1005,의미_추가
word1006,의미_추가
word1007,의미_추가
word1008,의미_추가
word1009,의미_추가
word1010,의미_추가
word1011,의미_추가
word1012,의미_추가
word1013,의미_추가
word1014,의미_추가
word1015,의미_추가
word1016,의미_추가
word1017,의미_추가
word1018,의미_추가
word1019,의미_추가
word1020,의미_추가
word1021,의미_추가
word1022,의미_추가
word1023,의미_추가
word1024,의미_추가
word1025,의미_추가
word1026,의미_추가
word1027,의미_추가
word1028,의미_추가
word1029,의미_추가
word1030,의미_추가
word1031,의미_추가
word1032,의미_추가
word1033,의미_추가
word1034,의미_추가
word1035,의미_추가
word1036,의미_추가
word1037,의미_추가
word1038,의미_추가
word1039,의미_추가
word1040,의미_추가
word1041,의미_추가
word1042,의미_추가
word1043,의미_추가
word1044,의미_추가
word1045,의미_추가
word1046,의미_추가
word1047,의미_추가
word1048,의미_추가
word1049,의미_추가
word1050,의미_추가
word1051,의미_추가
word1052,의미_추가
word1053,의미_추가
word1054,의미_추가
word1055,의미_추가
word1056,의미_추가
word1057,의미_추가
word1058,의미_추가
word1059,의미_추가
word1060,의미_추가
word1061,의미_추가
word1062,의미_추가
word1063,의미_추가
word1064,의미_추가
word1065,의미_추가
word1066,의미_추가
word1067,의미_추가
word1068,의미_추가
word1069,의미_추가
word1070,의미_추가
word1071,의미_추가
word1072,의미_추가
word1073,의미_추가
word1074,의미_추가
word1075,의미_추가
word1076,의미_추가
word1077,의미_추가
word1078,의미_추가
word1079,의미_추가
word1080,의미_추가
word1081,의미_추가
word1082,의미_추가
word1083,의미_추가
word1084,의미_추가
word1085,의미_추가
word1086,의미_추가
word1087,의미_추가
word1088,의미_추가
word1089,의미_추가
word1090,의미_추가
word1091,의미_추가
word1092,의미_추가
word1093,의미_추가
word1094,의미_추가
word1095,의미_추가
word1096,의미_추가
word1097,의미_추가
word1098,의미_추가
word1099,의미_추가
word1100,의미_추가
word1101,의미_추가
word1102,의미_추가
word1103,의미_추가
word1104,의미_추가
word1105,의미_추가
word1106,의미_추가
word1107,의미_추가
word1108,의미_추가
word1109,의미_추가
word1110,의미_추가
word1111,의미_추가
word1112,의미_추가
word1113,의미_추가
word1114,의미_추가
word1115,의미_추가
word1116,의미_추가
word1117,의미_추가
word1118,의미_추가
word1119,의미_추가
word1120,의미_추가
word1121,의미_추가
word1122,의미_추가
word1123,의미_추가
word1124,의미_추가
word1125,의미_추가
word1126,의미_추가
word1127,의미_추가
word1128,의미_추가
word1129,의미_추가
word1130,의미_추가
word1131,의미_추가
word1132,의미_추가
word1133,의미_추가
word1134,의미_추가
word1135,의미_추가
word1136,의미_추가
word1137,의미_추가
word1138,의미_추가
word1139,의미_추가
word1140,의미_추가
word1141,의미_추가
word1142,의미_추가
word1143,의미_추가
word1144,의미_추가
word1145,의미_추가
word1146,의미_추가
word1147,의미_추가
word1148,의미_추가
word1149,의미_추가
word1150,의미_추가
word1151,의미_추가
word1152,의미_추가
word1153,의미_추가
word1154,의미_추가
word1155,의미_추가
word1156,의미_추가
word1157,의미_추가
word1158,의미_추가
word1159,의미_추가
word1160,의미_추가
word1161,의미_추가
word1162,의미_추가
word1163,의미_추가
word1164,의미_추가
word1165,의미_추가
word1166,의미_추가
word1167,의미_추가
word1168,의미_추가
word1169,의미_추가
word1170,의미_추가
word1171,의미_추가
word1172,의미_추가
word1173,의미_추가
word1174,의미_추가
word1175,의미_추가
word1176,의미_추가
word1177,의미_추가
word1178,의미_추가
word1179,의미_추가
word1180,의미_추가
word1181,의미_추가
word1182,의미_추가
word1183,의미_추가
word1184,의미_추가
word1185,의미_추가
word1186,의미_추가
word1187,의미_추가
word1188,의미_추가
word1189,의미_추가
word1190,의미_추가
word1191,의미_추가
word1192,의미_추가
word1193,의미_추가
word1194,의미_추가
word1195,의미_추가
word1196,의미_추가
word1197,의미_추가
word1198,의미_추가
word1199,의미_추가
word1200,의미_추가
word1201,의미_추가
word1202,의미_추가
word1203,의미_추가
word1204,의미_추가
word1205,의미_추가
word1206,의미_추가
word1207,의미_추가
word1208,의미_추가
word1209,의미_추가
word1210,의미_추가
word1211,의미_추가
word1212,의미_추가
word1213,의미_추가
word1214,의미_추가
word1215,의미_추가
word1216,의미_추가
word1217,의미_추가
word1218,의미_추가
word1219,의미_추가
word1220,의미_추가
word1221,의미_추가
word1222,의미_추가
word1223,의미_추가
word1224,의미_추가
word1225,의미_추가
word1226,의미_추가
word1227,의미_추가
word1228,의미_추가
word1229,의미_추가
word1230,의미_추가
word1231,의미_추가
word1232,의미_추가
word1233,의미_추가
word1234,의미_추가
word1235,의미_추가
word1236,의미_추가
word1237,의미_추가
word1238,의미_추가
word1239,의미_추가
word1240,의미_추가
word1241,의미_추가
word1242,의미_추가
word1243,의미_추가
word1244,의미_추가
word1245,의미_추가
word1246,의미_추가
word1247,의미_추가
word1248,의미_추가
word1249,의미_추가
word1250,의미_추가
word1251,의미_추가
word1252,의미_추가
word1253,의미_추가
word1254,의미_추가
word1255,의미_추가
word1256,의미_추가
word1257,의미_추가
word1258,의미_추가
word1259,의미_추가
word1260,의미_추가
word1261,의미_추가
word1262,의미_추가
word1263,의미_추가
word1264,의미_추가
word1265,의미_추가
word1266,의미_추가
word1267,의미_추가
word1268,의미_추가
word1269,의미_추가
word1270,의미_추가
word1271,의미_추가
word1272,의미_추가
word1273,의미_추가
word1274,의미_추가
word1275,의미_추가
word1276,의미_추가
word1277,의미_추가
word1278,의미_추가
word1279,의미_추가
word1280,의미_추가
word1281,의미_추가
word1282,의미_추가
word1283,의미_추가
word1284,의미_추가
word1285,의미_추가
word1286,의미_추가
word1287,의미_추가
word1288,의미_추가
word1289,의미_추가
word1290,의미_추가
word1291,의미_추가
word1292,의미_추가
word1293,의미_추가
word1294,의미_추가
word1295,의미_추가
word1296,의미_추가
word1297,의미_추가
word1298,의미_추가
word1299,의미_추가
word1300,의미_추가
word1301,의미_추가
word1302,의미_추가
word1303,의미_추가
word1304,의미_추가
word1305,의미_추가
word1306,의미_추가
word1307,의미_추가
word1308,의미_추가
word1309,의미_추가
word1310,의미_추가
word1311,의미_추가
word1312,의미_추가
word1313,의미_추가
word1314,의미_추가
word1315,의미_추가
word1316,의미_추가
word1317,의미_추가
word1318,의미_추가
word1319,의미_추가
word1320,의미_추가
word1321,의미_추가
word1322,의미_추가
word1323,의미_추가
word1324,의미_추가
word1325,의미_추가
word1326,의미_추가
word1327,의미_추가
word1328,의미_추가
word1329,의미_추가
word1330,의미_추가
word1331,의미_추가
word1332,의미_추가
word1333,의미_추가
word1334,의미_추가
word1335,의미_추가
word1336,의미_추가
word1337,의미_추가
word1338,의미_추가
word1339,의미_추가
word1340,의미_추가
word1341,의미_추가
word1342,의미_추가
word1343,의미_추가
word1344,의미_추가
word1345,의미_추가
word1346,의미_추가
word1347,의미_추가
word1348,의미_추가
word1349,의미_추가
word1350,의미_추가
word1351,의미_추가
word1352,의미_추가
word1353,의미_추가
word1354,의미_추가
word1355,의미_추가
word1356,의미_추가
word1357,의미_추가
word1358,의미_추가
word1359,의미_추가
word1360,의미_추가
word1361,의미_추가
word1362,의미_추가
word1363,의미_추가
word1364,의미_추가
word1365,의미_추가
word1366,의미_추가
word1367,의미_추가
word1368,의미_추가
word1369,의미_추가
word1370,의미_추가
word1371,의미_추가
word1372,의미_추가
word1373,의미_추가
word1374,의미_추가
word1375,의미_추가
word1376,의미_추가
word1377,의미_추가
word1378,의미_추가
word1379,의미_추가
word1380,의미_추가
word1381,의미_추가
word1382,의미_추가
word1383,의미_추가
word1384,의미_추가
word1385,의미_추가
word1386,의미_추가
word1387,의미_추가
word1388,의미_추가
word1389,의미_추가
word1390,의미_추가
word1391,의미_추가
word1392,의미_추가
word1393,의미_추가
word1394,의미_추가
word1395,의미_추가
word1396,의미_추가
word1397,의미_추가
word1398,의미_추가
word1399,의미_추가
word1400,의미_추가
word1401,의미_추가
word1402,의미_추가
word1403,의미_추가
word1404,의미_추가
word1405,의미_추가
word1406,의미_추가
word1407,의미_추가
word1408,의미_추가
word1409,의미_추가
word1410,의미_추가
word1411,의미_추가
word1412,의미_추가
word1413,의미_추가
word1414,의미_추가
word1415,의미_추가
word1416,의미_추가
word1417,의미_추가
word1418,의미_추가
word1419,의미_추가
word1420,의미_추가
word1421,의미_추가
word1422,의미_추가
word1423,의미_추가
word1424,의미_추가
word1425,의미_추가
word1426,의미_추가
word1427,의미_추가
word1428,의미_추가
word1429,의미_추가
word1430,의미_추가
word1431,의미_추가
word1432,의미_추가
word1433,의미_추가
word1434,의미_추가
word1435,의미_추가
word1436,의미_추가
word1437,의미_추가
word1438,의미_추가
word1439,의미_추가
word1440,의미_추가
word1441,의미_추가
word1442,의미_추가
word1443,의미_추가
word1444,의미_추가
word1445,의미_추가
word1446,의미_추가
word1447,의미_추가
word1448,의미_추가
word1449,의미_추가
word1450,의미_추가
word1451,의미_추가
word1452,의미_추가
word1453,의미_추가
word1454,의미_추가
word1455,의미_추가
word1456,의미_추가
word1457,의미_추가
word1458,의미_추가
word1459,의미_추가
word1460,의미_추가
word1461,의미_추가
word1462,의미_추가
word1463,의미_추가
word1464,의미_추가
word1465,의미_추가
word1466,의미_추가
word1467,의미_추가
word1468,의미_추가
word1469,의미_추가
word1470,의미_추가
word1471,의미_추가
word1472,의미_추가
word1473,의미_추가
word1474,의미_추가
word1475,의미_추가
word1476,의미_추가
word1477,의미_추가
word1478,의미_추가
word1479,의미_추가
word1480,의미_추가
word1481,의미_추가
word1482,의미_추가
word1483,의미_추가
word1484,의미_추가
word1485,의미_추가
word1486,의미_추가
word1487,의미_추가
word1488,의미_추가
word1489,의미_추가
word1490,의미_추가
word1491,의미_추가
word1492,의미_추가
word1493,의미_추가
word1494,의미_추가
word1495,의미_추가
word1496,의미_추가
word1497,의미_추가
word1498,의미_추가
word1499,의미_추가
word1500,의미_추가
word1501,의미_추가
word1502,의미_추가
word1503,의미_추가
word1504,의미_추가
word1505,의미_추가
word1506,의미_추가
word1507,의미_추가
word1508,의미_추가
word1509,의미_추가
word1510,의미_추가
word1511,의미_추가
word1512,의미_추가
word1513,의미_추가
word1514,의미_추가
word1515,의미_추가
word1516,의미_추가
word1517,의미_추가
word1518,의미_추가
word1519,의미_추가
word1520,의미_추가
word1521,의미_추가
word1522,의미_추가
word1523,의미_추가
word1524,의미_추가
word1525,의미_추가
word1526,의미_추가
word1527,의미_추가
word1528,의미_추가
word1529,의미_추가
word1530,의미_추가
word1531,의미_추가
word1532,의미_추가
word1533,의미_추가
word1534,의미_추가
word1535,의미_추가
word1536,의미_추가
word1537,의미_추가
word1538,의미_추가
word1539,의미_추가
word1540,의미_추가
word1541,의미_추가
word1542,의미_추가
word1543,의미_추가
word1544,의미_추가
word1545,의미_추가
word1546,의미_추가
word1547,의미_추가
word1548,의미_추가
word1549,의미_추가
word1550,의미_추가
word1551,의미_추가
word1552,의미_추가
word1553,의미_추가
word1554,의미_추가
word1555,의미_추가
word1556,의미_추가
word1557,의미_추가
word1558,의미_추가
word1559,의미_추가
word1560,의미_추가
word1561,의미_추가
word1562,의미_추가
word1563,의미_추가
word1564,의미_추가
word1565,의미_추가
word1566,의미_추가
word1567,의미_추가
word1568,의미_추가
word1569,의미_추가
word1570,의미_추가
word1571,의미_추가
word1572,의미_추가
word1573,의미_추가
word1574,의미_추가
word1575,의미_추가
word1576,의미_추가
word1577,의미_추가
word1578,의미_추가
word1579,의미_추가
word1580,의미_추가
word1581,의미_추가
word1582,의미_추가
word1583,의미_추가
word1584,의미_추가
word1585,의미_추가
word1586,의미_추가
word1587,의미_추가
word1588,의미_추가
word1589,의미_추가
word1590,의미_추가
word1591,의미_추가
word1592,의미_추가
word1593,의미_추가
word1594,의미_추가
word1595,의미_추가
word1596,의미_추가
word1597,의미_추가
word1598,의미_추가
word1599,의미_추가
word1600,의미_추가
word1601,의미_추가
word1602,의미_추가
word1603,의미_추가
word1604,의미_추가
word1605,의미_추가
word1606,의미_추가
word1607,의미_추가
word1608,의미_추가
word1609,의미_추가
word1610,의미_추가
word1611,의미_추가
word1612,의미_추가
word1613,의미_추가
word1614,의미_추가
word1615,의미_추가
word1616,의미_추가
word1617,의미_추가
word1618,의미_추가
word1619,의미_추가
word1620,의미_추가
word1621,의미_추가
word1622,의미_추가
word1623,의미_추가
word1624,의미_추가
word1625,의미_추가
word1626,의미_추가
word1627,의미_추가
word1628,의미_추가
word1629,의미_추가
word1630,의미_추가
word1631,의미_추가
word1632,의미_추가
word1633,의미_추가
word1634,의미_추가
word1635,의미_추가
word1636,의미_추가
word1637,의미_추가
word1638,의미_추가
word1639,의미_추가
word1640,의미_추가
word1641,의미_추가
word1642,의미_추가
word1643,의미_추가
word1644,의미_추가
word1645,의미_추가
word1646,의미_추가
word1647,의미_추가
word1648,의미_추가
word1649,의미_추가
word1650,의미_추가
word1651,의미_추가
word1652,의미_추가
word1653,의미_추가
word1654,의미_추가
word1655,의미_추가
word1656,의미_추가
word1657,의미_추가
word1658,의미_추가
word1659,의미_추가
word1660,의미_추가
word1661,의미_추가
word1662,의미_추가
word1663,의미_추가
word1664,의미_추가
word1665,의미_추가
word1666,의미_추가
word1667,의미_추가
word1668,의미_추가
word1669,의미_추가
word1670,의미_추가
word1671,의미_추가
word1672,의미_추가
word1673,의미_추가
word1674,의미_추가
word1675,의미_추가
word1676,의미_추가
word1677,의미_추가
word1678,의미_추가
word1679,의미_추가
word1680,의미_추가
word1681,의미_추가
word1682,의미_추가
word1683,의미_추가
word1684,의미_추가
word1685,의미_추가
word1686,의미_추가
word1687,의미_추가
word1688,의미_추가
word1689,의미_추가
word1690,의미_추가
word1691,의미_추가
word1692,의미_추가
word1693,의미_추가
word1694,의미_추가
word1695,의미_추가
word1696,의미_추가
word1697,의미_추가
word1698,의미_추가
word1699,의미_추가
word1700,의미_추가
word1701,의미_추가
word1702,의미_추가
word1703,의미_추가
word1704,의미_추가
word1705,의미_추가
word1706,의미_추가
word1707,의미_추가
word1708,의미_추가
word1709,의미_추가
word1710,의미_추가
word1711,의미_추가
word1712,의미_추가
word1713,의미_추가
word1714,의미_추가
word1715,의미_추가
word1716,의미_추가
word1717,의미_추가
word1718,의미_추가
word1719,의미_추가
word1720,의미_추가
word1721,의미_추가
word1722,의미_추가
word1723,의미_추가
word1724,의미_추가
word1725,의미_추가
word1726,의미_추가
word1727,의미_추가
word1728,의미_추가
word1729,의미_추가
word1730,의미_추가
word1731,의미_추가
word1732,의미_추가
word1733,의미_추가
word1734,의미_추가
word1735,의미_추가
word1736,의미_추가
word1737,의미_추가
word1738,의미_추가
word1739,의미_추가
word1740,의미_추가
word1741,의미_추가
word1742,의미_추가
word1743,의미_추가
word1744,의미_추가
word1745,의미_추가
word1746,의미_추가
word1747,의미_추가
word1748,의미_추가
word1749,의미_추가
word1750,의미_추가
word1751,의미_추가
word1752,의미_추가
word1753,의미_추가
word1754,의미_추가
word1755,의미_추가
word1756,의미_추가
word1757,의미_추가
word1758,의미_추가
word1759,의미_추가
word1760,의미_추가
word1761,의미_추가
word1762,의미_추가
word1763,의미_추가
word1764,의미_추가
word1765,의미_추가
word1766,의미_추가
word1767,의미_추가
word1768,의미_추가
word1769,의미_추가
word1770,의미_추가
word1771,의미_추가
word1772,의미_추가
word1773,의미_추가
word1774,의미_추가
word1775,의미_추가
word1776,의미_추가
word1777,의미_추가
word1778,의미_추가
word1779,의미_추가
word1780,의미_추가
word1781,의미_추가
word1782,의미_추가
word1783,의미_추가
word1784,의미_추가
word1785,의미_추가
word1786,의미_추가
word1787,의미_추가
word1788,의미_추가
word1789,의미_추가
word1790,의미_추가
word1791,의미_추가
word1792,의미_추가
word1793,의미_추가
word1794,의미_추가
word1795,의미_추가
word1796,의미_추가
word1797,의미_추가
word1798,의미_추가
word1799,의미_추가
word1800,의미_추가
word1801,의미_추가
word1802,의미_추가
word1803,의미_추가
word1804,의미_추가
word1805,의미_추가
word1806,의미_추가
word1807,의미_추가
word1808,의미_추가
word1809,의미_추가
word1810,의미_추가
word1811,의미_추가
word1812,의미_추가
word1813,의미_추가
word1814,의미_추가
word1815,의미_추가
word1816,의미_추가
word1817,의미_추가
word1818,의미_추가
word1819,의미_추가
word1820,의미_추가
word1821,의미_추가
word1822,의미_추가
word1823,의미_추가
word1824,의미_추가
word1825,의미_추가
word1826,의미_추가
word1827,의미_추가
word1828,의미_추가
word1829,의미_추가
word1830,의미_추가
word1831,의미_추가
word1832,의미_추가
word1833,의미_추가
word1834,의미_추가
word1835,의미_추가
word1836,의미_추가
word1837,의미_추가
word1838,의미_추가
word1839,의미_추가
word1840,의미_추가
word1841,의미_추가
word1842,의미_추가
word1843,의미_추가
word1844,의미_추가
word1845,의미_추가
word1846,의미_추가
word1847,의미_추가
word1848,의미_추가
word1849,의미_추가
word1850,의미_추가
word1851,의미_추가
word1852,의미_추가
word1853,의미_추가
word1854,의미_추가
word1855,의미_추가
word1856,의미_추가
word1857,의미_추가
word1858,의미_추가
word1859,의미_추가
word1860,의미_추가
word1861,의미_추가
word1862,의미_추가
word1863,의미_추가
word1864,의미_추가
word1865,의미_추가
word1866,의미_추가
word1867,의미_추가
word1868,의미_추가
word1869,의미_추가
word1870,의미_추가
word1871,의미_추가
word1872,의미_추가
word1873,의미_추가
word1874,의미_추가
word1875,의미_추가
word1876,의미_추가
word1877,의미_추가
word1878,의미_추가
word1879,의미_추가
word1880,의미_추가
word1881,의미_추가
word1882,의미_추가
word1883,의미_추가
word1884,의미_추가
word1885,의미_추가
word1886,의미_추가
word1887,의미_추가
word1888,의미_추가
word1889,의미_추가
word1890,의미_추가
word1891,의미_추가
word1892,의미_추가
word1893,의미_추가
word1894,의미_추가
word1895,의미_추가
word1896,의미_추가
word1897,의미_추가
word1898,의미_추가
word1899,의미_추가
word1900,의미_추가
word1901,의미_추가
word1902,의미_추가
word1903,의미_추가
word1904,의미_추가
word1905,의미_추가
word1906,의미_추가
word1907,의미_추가
word1908,의미_추가
word1909,의미_추가
word1910,의미_추가
word1911,의미_추가
word1912,의미_추가
word1913,의미_추가
word1914,의미_추가
word1915,의미_추가
word1916,의미_추가
word1917,의미_추가
word1918,의미_추가
word1919,의미_추가
word1920,의미_추가
word1921,의미_추가
word1922,의미_추가
word1923,의미_추가
word1924,의미_추가
word1925,의미_추가
word1926,의미_추가
word1927,의미_추가
word1928,의미_추가
word1929,의미_추가
word1930,의미_추가
word1931,의미_추가
word1932,의미_추가
word1933,의미_추가
word1934,의미_추가
word1935,의미_추가
word1936,의미_추가
word1937,의미_추가
word1938,의미_추가
word1939,의미_추가
word1940,의미_추가
word1941,의미_추가
word1942,의미_추가
word1943,의미_추가
word1944,의미_추가
word1945,의미_추가
word1946,의미_추가
word1947,의미_추가
word1948,의미_추가
word1949,의미_추가
word1950,의미_추가
word1951,의미_추가
word1952,의미_추가
word1953,의미_추가
word1954,의미_추가
word1955,의미_추가
word1956,의미_추가
word1957,의미_추가
word1958,의미_추가
word1959,의미_추가
word1960,의미_추가
word1961,의미_추가
word1962,의미_추가
word1963,의미_추가
word1964,의미_추가
word1965,의미_추가
word1966,의미_추가
word1967,의미_추가
word1968,의미_추가
word1969,의미_추가
word1970,의미_추가
word1971,의미_추가
word1972,의미_추가
word1973,의미_추가
word1974,의미_추가
word1975,의미_추가
word1976,의미_추가
word1977,의미_추가
word1978,의미_추가
word1979,의미_추가
word1980,의미_추가
word1981,의미_추가
word1982,의미_추가
word1983,의미_추가
word1984,의미_추가
word1985,의미_추가
word1986,의미_추가
word1987,의미_추가
word1988,의미_추가
word1989,의미_추가
word1990,의미_추가
word1991,의미_추가
word1992,의미_추가
word1993,의미_추가
word1994,의미_추가
word1995,의미_추가
word1996,의미_추가
word1997,의미_추가
word1998,의미_추가
word1999,의미_추가
word2000,의미_추가
